experiment_name,accuracy,precision,recall,f1,specificity,confusion_matrix
Logistic Regression,0.9021739130434783,0.9181818181818182,0.9181818181818182,0.9181818181818182,0.8783783783783784,"[[ 65   9]
 [  9 101]]"
Support Vector Machine,0.9021739130434783,0.9181818181818182,0.9181818181818182,0.9181818181818182,0.8783783783783784,"[[ 65   9]
 [  9 101]]"
Tunned DecisionTree,0.9021739130434783,0.9339622641509434,0.9,0.9166666666666666,0.9054054054054054,"[[67  7]
 [11 99]]"
Imputed Logistic Regression,0.9021739130434783,0.9181818181818182,0.9181818181818182,0.9181818181818182,0.8783783783783784,"[[ 65   9]
 [  9 101]]"
Naive Bayes,0.8913043478260869,0.9166666666666666,0.9,0.908256880733945,0.8783783783783784,"[[65  9]
 [11 99]]"
Imputed Random Forest,0.8913043478260869,0.9090909090909091,0.9090909090909091,0.9090909090909091,0.8648648648648649,"[[ 64  10]
 [ 10 100]]"
SVC(bagging),0.8913043478260869,0.9090909090909091,0.9090909090909091,0.9090909090909091,0.8648648648648649,"[[ 64  10]
 [ 10 100]]"
Logistic Regression (bagging),0.8913043478260869,0.9090909090909091,0.9090909090909091,0.9090909090909091,0.8648648648648649,"[[ 64  10]
 [ 10 100]]"
Imputed XGBoost,0.8913043478260869,0.9166666666666666,0.9,0.908256880733945,0.8783783783783784,"[[65  9]
 [11 99]]"
XGBoost,0.8913043478260869,0.9166666666666666,0.9,0.908256880733945,0.8783783783783784,"[[65  9]
 [11 99]]"
Imputed Naive Bayes,0.8913043478260869,0.9166666666666666,0.9,0.908256880733945,0.8783783783783784,"[[65  9]
 [11 99]]"
Imputed Support Vector Machine,0.8913043478260869,0.9090909090909091,0.9090909090909091,0.9090909090909091,0.8648648648648649,"[[ 64  10]
 [ 10 100]]"
Random Forest,0.8858695652173914,0.908256880733945,0.9,0.9041095890410958,0.8648648648648649,"[[64 10]
 [11 99]]"
Imputed Gradient Boosting,0.8858695652173914,0.908256880733945,0.9,0.9041095890410958,0.8648648648648649,"[[64 10]
 [11 99]]"
Gradient Boosting,0.8858695652173914,0.908256880733945,0.9,0.9041095890410958,0.8648648648648649,"[[64 10]
 [11 99]]"
Tunned XG Boost,0.8695652173913043,0.9056603773584906,0.8727272727272727,0.8888888888888888,0.8648648648648649,"[[64 10]
 [14 96]]"
Imputed K-Nearest Neighbors,0.8641304347826086,0.8828828828828829,0.8909090909090909,0.8868778280542986,0.8243243243243243,"[[61 13]
 [12 98]]"
KNN (bagging),0.8586956521739131,0.8818181818181818,0.8818181818181818,0.8818181818181818,0.8243243243243243,"[[61 13]
 [13 97]]"
Tunned Random Forest,0.8532608695652174,0.8547008547008547,0.9090909090909091,0.8810572687224669,0.7702702702702703,"[[ 57  17]
 [ 10 100]]"
K-Nearest Neighbors,0.8532608695652174,0.8807339449541285,0.8727272727272727,0.8767123287671232,0.8243243243243243,"[[61 13]
 [14 96]]"
Decision Tree,0.7663043478260869,0.8764044943820225,0.7090909090909091,0.7839195979899497,0.8513513513513513,"[[63 11]
 [32 78]]"
Imputed Decision Tree,0.7663043478260869,0.8526315789473684,0.7363636363636363,0.7902439024390244,0.8108108108108109,"[[60 14]
 [29 81]]"
